Workbook

Sheet Sheet1 (3)
A1: EmpID | B1: Name | C1: Department | D1: Salary | E1: JoinDate | F1: Address | G1: Location | H1: State | I1: Pin Code
A2: E001 | B2: Aarav Sharma | C2: Sales | D2: 52000 | E2: 43536 | F2: =INDEX('Sheet5 (2)'!$A$1:$A$201,MATCH(A2,'Sheet5 (2)'!$D$1:$D$201,0)) -> 12 MG Road | G2: =INDEX('Sheet5 (2)'!$B$1:$B$201,MATCH(A2,'Sheet5 (2)'!$D$1:$D$201,0)) -> Connaught Place | H2: =INDEX('Sheet5 (2)'!$C$1:$C$201,MATCH(Table3[[#This Row],[EmpID]],'Sheet5 (2)'!$D$1:$D$201,0)) -> New Delhi
A3: E002 | B3: Ananya Verma | C3: HR | D3: 48000 | E3: 44013 | F3: =INDEX('Sheet5 (2)'!$A$1:$A$201,MATCH(A3,'Sheet5 (2)'!$D$1:$D$201,0)) -> 45 Park Street | G3: =INDEX('Sheet5 (2)'!$B$1:$B$201,MATCH(A3,'Sheet5 (2)'!$D$1:$D$201,0)) -> Kolkata | H3: =INDEX('Sheet5 (2)'!$C$1:$C$201,MATCH(Table3[[#This Row],[EmpID]],'Sheet5 (2)'!$D$1:$D$201,0)) -> West Bengal
A4: E003 | B4: Arjun Patel | C4: IT | D4: 75000 | E4: 43424 | F4: =INDEX('Sheet5 (2)'!$A$1:$A$201,MATCH(A4,'Sheet5 (2)'!$D$1:$D$201,0)) -> 7 Brigade Road | G4: =INDEX('Sheet5 (2)'!$B$1:$B$201,MATCH(A4,'Sheet5 (2)'!$D$1:$D$201,0)) -> Bangalore | H4: =INDEX('Sheet5 (2)'!$C$1:$C$201,MATCH(Table3[[#This Row],[EmpID]],'Sheet5 (2)'!$D$1:$D$201,0)) -> Karnataka
A5: E004 | B5: Divya Kapoor | C5: Finance | D5: 61000 | E5: 44211 | F5: =INDEX('Sheet5 (2)'!$A$1:$A$201,MATCH(A5,'Sheet5 (2)'!$D$1:$D$201,0)) -> 88 Anna Salai | G5: =INDEX('Sheet5 (2)'!$B$1:$B$201,MATCH(A5,'Sheet5 (2)'!$D$1:$D$201,0)) -> Chennai | H5: =INDEX('Sheet5 (2)'!$C$1:$C$201,MATCH(Table3[[#This Row],[EmpID]],'Sheet5 (2)'!$D$1:$D$201,0)) -> Tamil Nadu
A6: E005 | B6: Rohan Mehta | C6: Marketing | D6: 69000 | E6: 42916 | F6: =INDEX('Sheet5 (2)'!$A$1:$A$201,MATCH(A6,'Sheet5 (2)'!$D$1:$D$201,0)) -> 101 Marine Drive | G6: =INDEX('Sheet5 (2)'!$B$1:$B$201,MATCH(A6,'Sheet5 (2)'!$D$1:$D$201,0)) -> Mumbai | H6: =INDEX('Sheet5 (2)'!$C$1:$C$201,MATCH(Table3[[#This Row],[EmpID]],'Sheet5 (2)'!$D$1:$D$201,0)) -> Maharashtra
A7: E006 | B7: Neha Singh | C7: Operations | D7: 72000 | E7: 44809 | F7: =INDEX('Sheet5 (2)'!$A$1:$A$201,MATCH(A7,'Sheet5 (2)'!$D$1:$D$201,0)) -> 22 MG Road | G7: =INDEX('Sheet5 (2)'!$B$1:$B$201,MATCH(A7,'Sheet5 (2)'!$D$1:$D$201,0)) -> Pune | H7: =INDEX('Sheet5 (2)'!$C$1:$C$201,MATCH(Table3[[#This Row],[EmpID]],'Sheet5 (2)'!$D$1:$D$201,0)) -> Maharashtra
A8: E007 | B8: Vikram Rao | C8: Legal | D8: 50000 | E8: 43809 | F8: =INDEX('Sheet5 (2)'!$A$1:$A$201,MATCH(A8,'Sheet5 (2)'!$D$1:$D$201,0)) -> 5 Banjara Hills | G8: =INDEX('Sheet5 (2)'!$B$1:$B$201,MATCH(A8,'Sheet5 (2)'!$D$1:$D$201,0)) -> Hyderabad | H8: =INDEX('Sheet5 (2)'!$C$1:$C$201,MATCH(Table3[[#This Row],[EmpID]],'Sheet5 (2)'!$D$1:$D$201,0)) -> Telangana
A9: E008 | B9: Simran Kaur | C9: R&D | D9: 66000 | E9: 43886 | F9: =INDEX('Sheet5 (2)'!$A$1:$A$201,MATCH(A9,'Sheet5 (2)'!$D$1:$D$201,0)) -> 3 SG Highway | G9: =INDEX('Sheet5 (2)'!$B$1:$B$201,MATCH(A9,'Sheet5 (2)'!$D$1:$D$201,0)) -> Ahmedabad | H9: =INDEX('Sheet5 (2)'!$C$1:$C$201,MATCH(Table3[[#This Row],[EmpID]],'Sheet5 (2)'!$D$1:$D$201,0)) -> Gujarat
A10: E009 | B10: Sameer Kulkarni | C10: Support | D10: 58000 | E10: 42600 | F10: =INDEX('Sheet5 (2)'!$A$1:$A$201,MATCH(A10,'Sheet5 (2)'!$D$1:$D$201,0)) -> 14 Hazratganj | G10: =INDEX('Sheet5 (2)'!$B$1:$B$201,MATCH(A10,'Sheet5 (2)'!$D$1:$D$201,0)) -> Lucknow | H10: =INDEX('Sheet5 (2)'!$C$1:$C$201,MATCH(Table3[[#This Row],[EmpID]],'Sheet5 (2)'!$D$1:$D$201,0)) -> Uttar Pradesh
A11: E010 | B11: Priya Nair | C11: Admin | D11: 45000 | E11: 42146 | F11: =INDEX('Sheet5 (2)'!$A$1:$A$201,MATCH(A11,'Sheet5 (2)'!$D$1:$D$201,0)) -> 9 MI Road | G11: =INDEX('Sheet5 (2)'!$B$1:$B$201,MATCH(A11,'Sheet5 (2)'!$D$1:$D$201,0)) -> Jaipur | H11: =INDEX('Sheet5 (2)'!$C$1:$C$201,MATCH(Table3[[#This Row],[EmpID]],'Sheet5 (2)'!$D$1:$D$201,0)) -> Rajasthan
A12: E011 | B12: Kunal Joshi | C12: Sales | D12: 80000 | E12: 43193 | F12: =INDEX('Sheet5 (2)'!$A$1:$A$201,MATCH(A12,'Sheet5 (2)'!$D$1:$D$201,0)) -> 2 Sector 17 | G12: =INDEX('Sheet5 (2)'!$B$1:$B$201,MATCH(A12,'Sheet5 (2)'!$D$1:$D$201,0)) -> Chandigarh | H12: =INDEX('Sheet5 (2)'!$C$1:$C$201,MATCH(Table3[[#This Row],[EmpID]],'Sheet5 (2)'!$D$1:$D$201,0)) -> Chandigarh
A13: E012 | B13: Sana Iqbal | C13: HR | D13: 54000 | E13: 42992 | F13: =INDEX('Sheet5 (2)'!$A$1:$A$201,MATCH(A13,'Sheet5 (2)'!$D$1:$D$201,0)) -> 18 Udyog Vihar | G13: =INDEX('Sheet5 (2)'!$B$1:$B$201,MATCH(A13,'Sheet5 (2)'!$D$1:$D$201,0)) -> Gurgaon | H13: =INDEX('Sheet5 (2)'!$C$1:$C$201,MATCH(Table3[[#This Row],[EmpID]],'Sheet5 (2)'!$D$1:$D$201,0)) -> Haryana
... A201: E200 | B201: Neeta Patel | C201: Admin | D201: 64000 | E201: 42950 | F201: =INDEX('Sheet5 (2)'!$A$1:$A$201,MATCH(A201,'Sheet5 (2)'!$D$1:$D$201,0)) -> 7 Swaroop Nagar | G201: =INDEX('Sheet5 (2)'!$B$1:$B$201,MATCH(A201,'Sheet5 (2)'!$D$1:$D$201,0)) -> Kanpur | H201: =INDEX('Sheet5 (2)'!$C$1:$C$201,MATCH(Table3[[#This Row],[EmpID]],'Sheet5 (2)'!$D$1:$D$201,0)) -> Uttar Pradesh

Sheet Sheet1 (2)
A1: Name | B1: Department | C1: EmpID | D1: Salary | E1: JoinDate | I1: EmpID | J1: Name Row NO | K1: Name | L1: Department | M1: Salary
A2: Aarav Sharma | B2: Sales | C2: E001 | D2: 52000 | E2: 43536 | I2: E020 | J2: =MATCH(I2,$C$1:$C$201,0) -> 21 | K2: {=INDEX($A$1:$A$201,J2)} -> Alisha Menon
A3: Ananya Verma | B3: HR | C3: E002 | D3: 48000 | E3: 44013 | I3: E021 | J3: =MATCH(I3,$C$1:$C$201,0) -> 22 | K3: {=INDEX($A$1:$A$201,J3)} -> Varun Gupta
A4: Arjun Patel | B4: IT | C4: E003 | D4: 75000 | E4: 43424 | I4: E177 | J4: =MATCH(I4,$C$1:$C$201,0) -> 178 | K4: {=INDEX($A$1:$A$201,J4)} -> Rekha Bhat
A5: Divya Kapoor | B5: Finance | C5: E004 | D5: 61000 | E5: 44211 | I5: E023 | J5: =MATCH(I5,$C$1:$C$201,0) -> 24 | K5: {=INDEX($A$1:$A$201,J5)} -> Ankit Agarwal
A6: Rohan Mehta | B6: Marketing | C6: E005 | D6: 69000 | E6: 42916 | I6: E199 | J6: =MATCH(I6,$C$1:$C$201,0) -> 200 | K6: {=INDEX($A$1:$A$201,J6)} -> Arjun Singh
A7: Neha Singh | B7: Operations | C7: E006 | D7: 72000 | E7: 44809 | I7: E025 | J7: =MATCH(I7,$C$1:$C$201,0) -> 26 | K7: {=INDEX($A$1:$A$201,J7)} -> Siddharth Jain
A8: Vikram Rao | B8: Legal | C8: E007 | D8: 50000 | E8: 43809 | I8: E126 | J8: =MATCH(I8,$C$1:$C$201,0) -> 127 | K8: {=INDEX($A$1:$A$201,J8)} -> Anjali Menon
A9: Simran Kaur | B9: R&D | C9: E008 | D9: 66000 | E9: 43886 | I9: E027 | J9: =MATCH(I9,$C$1:$C$201,0) -> 28 | K9: {=INDEX($A$1:$A$201,J9)} -> Nikhil Kapoor
A10: Sameer Kulkarni | B10: Support | C10: E009 | D10: 58000 | E10: 42600 | I10: E028 | J10: =MATCH(I10,$C$1:$C$201,0) -> 29 | K10: {=INDEX($A$1:$A$201,J10)} -> Rekha Pillai
A11: Priya Nair | B11: Admin | C11: E010 | D11: 45000 | E11: 42146 | I11: E129 | J11: =MATCH(I11,$C$1:$C$201,0) -> 130 | K11: {=INDEX($A$1:$A$201,J11)} -> Pranav Kulkarni
A12: Kunal Joshi | B12: Sales | C12: E011 | D12: 80000 | E12: 43193 | I12: E030 | J12: =MATCH(I12,$C$1:$C$201,0) -> 31 | K12: {=INDEX($A$1:$A$201,J12)} -> Anushka Roy
A13: Sana Iqbal | B13: HR | C13: E012 | D13: 54000 | E13: 42992
A14: Aditya Reddy | B14: IT | C14: E013 | D14: 47000 | E14: 44502 | I14: EmpID | J14: Name | K14: Department | L14: Salary
A15: Meera Chawla | B15: Finance | C15: E014 | D15: 90000 | E15: 42396 | I15: E020 | J15: =INDEX($A$1:$A$201,MATCH(I15,$C$1:$C$201,0)) -> Alisha Menon | K15: =INDEX($B$1:$B$201,MATCH(I15,$C$1:$C$201,0)) -> Admin
A16: Harsh Malhotra | B16: Marketing | C16: E015 | D16: 62000 | E16: 43635 | I16: E021 | J16: =INDEX($A$1:$A$201,MATCH(I16,$C$1:$C$201,0)) -> Varun Gupta | K16: =INDEX($B$1:$B$201,MATCH(I16,$C$1:$C$201,0)) -> Sales
A17: Anika Desai | B17: Operations | C17: E016 | D17: 73000 | E17: 44112 | I17: E177 | J17: =INDEX($A$1:$A$201,MATCH(I17,$C$1:$C$201,0)) -> Rekha Bhat | K17: =INDEX($B$1:$B$201,MATCH(I17,$C$1:$C$201,0)) -> Legal
A18: Prateek Bhat | B18: Legal | C18: E017 | D18: 56000 | E18: 42343 | I18: E023 | J18: =INDEX($A$1:$A$201,MATCH(I18,$C$1:$C$201,0)) -> Ankit Agarwal | K18: =INDEX($B$1:$B$201,MATCH(I18,$C$1:$C$201,0)) -> IT
A19: Shreya Ghosh | B19: R&D | C19: E018 | D19: 67000 | E19: 43152 | I19: E199 | J19: =INDEX($A$1:$A$201,MATCH(I19,$C$1:$C$201,0)) -> Arjun Singh | K19: =INDEX($B$1:$B$201,MATCH(I19,$C$1:$C$201,0)) -> Support
A20: Manish Sinha | B20: Support | C20: E019 | D20: 71000 | E20: 44650 | I20: E025 | J20: =INDEX($A$1:$A$201,MATCH(I20,$C$1:$C$201,0)) -> Siddharth Jain | K20: =INDEX($B$1:$B$201,MATCH(I20,$C$1:$C$201,0)) -> Marketing
A21: Alisha Menon | B21: Admin | C21: E020 | D21: 64000 | E21: 42927 | I21: E126 | J21: =INDEX($A$1:$A$201,MATCH(I21,$C$1:$C$201,0)) -> Anjali Menon | K21: =INDEX($B$1:$B$201,MATCH(I21,$C$1:$C$201,0)) -> Operations
A22: Varun Gupta | B22: Sales | C22: E021 | D22: 52000 | E22: 43474 | I22: E027 | J22: =INDEX($A$1:$A$201,MATCH(I22,$C$1:$C$201,0)) -> Nikhil Kapoor | K22: =INDEX($B$1:$B$201,MATCH(I22,$C$1:$C$201,0)) -> Legal
A23: Ritika Sharma | B23: HR | C23: E022 | D23: 48000 | E23: 43967 | I23: E028 | J23: =INDEX($A$1:$A$201,MATCH(I23,$C$1:$C$201,0)) -> Rekha Pillai | K23: =INDEX($B$1:$B$201,MATCH(I23,$C$1:$C$201,0)) -> R&D
A24: Ankit Agarwal | B24: IT | C24: E023 | D24: 75000 | E24: 43377 | I24: E129 | J24: =INDEX($A$1:$A$201,MATCH(I24,$C$1:$C$201,0)) -> Pranav Kulkarni | K24: =INDEX($B$1:$B$201,MATCH(I24,$C$1:$C$201,0)) -> Support
A25: Deepa Nambiar | B25: Finance | C25: E024 | D25: 61000 | E25: 44247 | I25: E030 | J25: =INDEX($A$1:$A$201,MATCH(I25,$C$1:$C$201,0)) -> Anushka Roy | K25: =INDEX($B$1:$B$201,MATCH(I25,$C$1:$C$201,0)) -> Admin
A26: Siddharth Jain | B26: Marketing | C26: E025 | D26: 69000 | E26: 42976
A27: Karishma Bhatt | B27: Operations | C27: E026 | D27: 72000 | E27: 44725
A28: Nikhil Kapoor | B28: Legal | C28: E027 | D28: 50000 | E28: 43776
A29: Rekha Pillai | B29: R&D | C29: E028 | D29: 66000 | E29: 43908
A30: Pranav Dutta | B30: Support | C30: E029 | D30: 58000 | E30: 42638
A31: Anushka Roy | B31: Admin | C31: E030 | D31: 45000 | E31: 42108
A32: Rajiv Menon | B32: Sales | C32: E031 | D32: 80000 | E32: 43272
A33: Shalini Verma | B33: HR | C33: E032 | D33: 54000 | E33: 43038
A34: Mayank Sood | B34: IT | C34: E033 | D34: 47000 | E34: 44542
A35: Anu Thomas | B35: Finance | C35: E034 | D35: 90000 | E35: 42408
A36: Arnav Bhattacharya | B36: Marketing | C36: E035 | D36: 62000 | E36: 43588
A37: Neelam Chatterjee | B37: Operations | C37: E036 | D37: 73000 | E37: 44070
... A201: Neeta Patel | B201: Admin | C201: E200 | D201: 64000 | E201: 42950

Sheet Sheet1
A1: EmpID | B1: Name | C1: Department | D1: Salary | E1: JoinDate | H1: EmpID | I1: Name | J1: Department | K1: Salary
A2: E001 | B2: Aarav Sharma | C2: Sales | D2: 52000 | E2: 43536 | H2: E020 | I2: =VLOOKUP(Table1[[#This Row],[EmpID]],$A$1:$E$201,2,0) -> Alisha Menon | J2: =VLOOKUP(Table1[[#This Row],[EmpID]],$A$1:$E$201,3,0) -> Admin | K2: =VLOOKUP(Table1[[#This Row],[EmpID]],$A$1:$E$201,4,0) -> 64000
A3: E002 | B3: Ananya Verma | C3: HR | D3: 48000 | E3: 44013 | H3: E021 | I3: =VLOOKUP(Table1[[#This Row],[EmpID]],$A$1:$E$201,2,0) -> Varun Gupta | J3: =VLOOKUP(Table1[[#This Row],[EmpID]],$A$1:$E$201,3,0) -> Sales | K3: =VLOOKUP(Table1[[#This Row],[EmpID]],$A$1:$E$201,4,0) -> 52000
A4: E003 | B4: Arjun Patel | C4: IT | D4: 75000 | E4: 43424 | H4: E177 | I4: =VLOOKUP(Table1[[#This Row],[EmpID]],$A$1:$E$201,2,0) -> Rekha Bhat | J4: =VLOOKUP(Table1[[#This Row],[EmpID]],$A$1:$E$201,3,0) -> Legal | K4: =VLOOKUP(Table1[[#This Row],[EmpID]],$A$1:$E$201,4,0) -> 56000
A5: E004 | B5: Divya Kapoor | C5: Finance | D5: 61000 | E5: 44211 | H5: E023 | I5: =VLOOKUP(Table1[[#This Row],[EmpID]],$A$1:$E$201,2,0) -> Ankit Agarwal | J5: =VLOOKUP(Table1[[#This Row],[EmpID]],$A$1:$E$201,3,0) -> IT | K5: =VLOOKUP(Table1[[#This Row],[EmpID]],$A$1:$E$201,4,0) -> 75000
A6: E005 | B6: Rohan Mehta | C6: Marketing | D6: 69000 | E6: 42916 | H6: E199 | I6: =VLOOKUP(Table1[[#This Row],[EmpID]],$A$1:$E$201,2,0) -> Arjun Singh | J6: =VLOOKUP(Table1[[#This Row],[EmpID]],$A$1:$E$201,3,0) -> Support | K6: =VLOOKUP(Table1[[#This Row],[EmpID]],$A$1:$E$201,4,0) -> 71000
A7: E006 | B7: Neha Singh | C7: Operations | D7: 72000 | E7: 44809 | H7: E025 | I7: =VLOOKUP(Table1[[#This Row],[EmpID]],$A$1:$E$201,2,0) -> Siddharth Jain | J7: =VLOOKUP(Table1[[#This Row],[EmpID]],$A$1:$E$201,3,0) -> Marketing | K7: =VLOOKUP(Table1[[#This Row],[EmpID]],$A$1:$E$201,4,0) -> 69000
A8: E007 | B8: Vikram Rao | C8: Legal | D8: 50000 | E8: 43809 | H8: E126 | I8: =VLOOKUP(Table1[[#This Row],[EmpID]],$A$1:$E$201,2,0) -> Anjali Menon | J8: =VLOOKUP(Table1[[#This Row],[EmpID]],$A$1:$E$201,3,0) -> Operations | K8: =VLOOKUP(Table1[[#This Row],[EmpID]],$A$1:$E$201,4,0) -> 72000
A9: E008 | B9: Simran Kaur | C9: R&D | D9: 66000 | E9: 43886 | H9: E027 | I9: =VLOOKUP(Table1[[#This Row],[EmpID]],$A$1:$E$201,2,0) -> Nikhil Kapoor | J9: =VLOOKUP(Table1[[#This Row],[EmpID]],$A$1:$E$201,3,0) -> Legal | K9: =VLOOKUP(Table1[[#This Row],[EmpID]],$A$1:$E$201,4,0) -> 50000
A10: E009 | B10: Sameer Kulkarni | C10: Support | D10: 58000 | E10: 42600 | H10: E128 | I10: =VLOOKUP(Table1[[#This Row],[EmpID]],$A$1:$E$201,2,0) -> Meera Nambiar | J10: =VLOOKUP(Table1[[#This Row],[EmpID]],$A$1:$E$201,3,0) -> R&D | K10: =VLOOKUP(Table1[[#This Row],[EmpID]],$A$1:$E$201,4,0) -> 66000
A11: E010 | B11: Priya Nair | C11: Admin | D11: 45000 | E11: 42146 | H11: E129 | I11: =VLOOKUP(Table1[[#This Row],[EmpID]],$A$1:$E$201,2,0) -> Pranav Kulkarni | J11: =VLOOKUP(Table1[[#This Row],[EmpID]],$A$1:$E$201,3,0) -> Support | K11: =VLOOKUP(Table1[[#This Row],[EmpID]],$A$1:$E$201,4,0) -> 58000
A12: E011 | B12: Kunal Joshi | C12: Sales | D12: 80000 | E12: 43193 | H12: E030 | I12: =VLOOKUP(Table1[[#This Row],[EmpID]],$A$1:$E$201,2,0) -> Anushka Roy | J12: =VLOOKUP(Table1[[#This Row],[EmpID]],$A$1:$E$201,3,0) -> Admin | K12: =VLOOKUP(Table1[[#This Row],[EmpID]],$A$1:$E$201,4,0) -> 45000
A13: E012 | B13: Sana Iqbal | C13: HR | D13: 54000 | E13: 42992 | H13: E111 | I13: =VLOOKUP(Table1[[#This Row],[EmpID]],$A$1:$E$201,2,0) -> Neeraj Sharma | J13: =VLOOKUP(Table1[[#This Row],[EmpID]],$A$1:$E$201,3,0) -> Sales | K13: =VLOOKUP(Table1[[#This Row],[EmpID]],$A$1:$E$201,4,0) -> 80000
A14: E013 | B14: Aditya Reddy | C14: IT | D14: 47000 | E14: 44502 | H14: E010 | I14: =VLOOKUP(Table1[[#This Row],[EmpID]],$A$1:$E$201,2,0) -> Priya Nair | J14: =VLOOKUP(Table1[[#This Row],[EmpID]],$A$1:$E$201,3,0) -> Admin | K14: =VLOOKUP(Table1[[#This Row],[EmpID]],$A$1:$E$201,4,0) -> 45000
A15: E014 | B15: Meera Chawla | C15: Finance | D15: 90000 | E15: 42396
A16: E015 | B16: Harsh Malhotra | C16: Marketing | D16: 62000 | E16: 43635
A17: E016 | B17: Anika Desai | C17: Operations | D17: 73000 | E17: 44112
A18: E017 | B18: Prateek Bhat | C18: Legal | D18: 56000 | E18: 42343
A19: E018 | B19: Shreya Ghosh | C19: R&D | D19: 67000 | E19: 43152
A20: E019 | B20: Manish Sinha | C20: Support | D20: 71000 | E20: 44650
A21: E020 | B21: Alisha Menon | C21: Admin | D21: 64000 | E21: 42927
A22: E021 | B22: Varun Gupta | C22: Sales | D22: 52000 | E22: 43474
A23: E022 | B23: Ritika Sharma | C23: HR | D23: 48000 | E23: 43967
A24: E023 | B24: Ankit Agarwal | C24: IT | D24: 75000 | E24: 43377
A25: E024 | B25: Deepa Nambiar | C25: Finance | D25: 61000 | E25: 44247
A26: E025 | B26: Siddharth Jain | C26: Marketing | D26: 69000 | E26: 42976
... A201: E200 | B201: Neeta Patel | C201: Admin | D201: 64000 | E201: 42950

Sheet Sheet2
A1: EmpID | B1: Name | C1: Department | D1: Salary | E1: JoinDate
A2: E001 | B2: Aarav Sharma | C2: Sales | D2: 52000 | E2: 43536
A3: E002 | B3: Ananya Verma | C3: HR | D3: 48000 | E3: 44013
A4: E003 | B4: Arjun Patel | C4: IT | D4: 75000 | E4: 43424
A5: E004 | B5: Divya Kapoor | C5: Finance | D5: 61000 | E5: 44211
A6: E005 | B6: Rohan Mehta | C6: Marketing | D6: 69000 | E6: 42916
A7: E006 | B7: Neha Singh | C7: Operations | D7: 72000 | E7: 44809
A8: E007 | B8: Vikram Rao | C8: Legal | D8: 50000 | E8: 43809
A9: E008 | B9: Simran Kaur | C9: R&D | D9: 66000 | E9: 43886
A10: E009 | B10: Sameer Kulkarni | C10: Support | D10: 58000 | E10: 42600
A11: E010 | B11: Priya Nair | C11: Admin | D11: 45000 | E11: 42146
A12: E011 | B12: Kunal Joshi | C12: Sales | D12: 80000 | E12: 43193
A13: E012 | B13: Sana Iqbal | C13: HR | D13: 54000 | E13: 42992
... A201: E200 | B201: Neeta Patel | C201: Admin | D201: 64000 | E201: 42950

Sheet Sheet5
A1: EmpID | B1: Address | C1: Location | D1: State | E1: Pin Code
A2: E001 | B2: 12 MG Road | C2: Connaught Place | D2: New Delhi | E2: 110001
A3: E002 | B3: 45 Park Street | C3: Kolkata | D3: West Bengal | E3: 700016
A4: E003 | B4: 7 Brigade Road | C4: Bangalore | D4: Karnataka | E4: 560001
A5: E004 | B5: 88 Anna Salai | C5: Chennai | D5: Tamil Nadu | E5: 600002
A6: E005 | B6: 101 Marine Drive | C6: Mumbai | D6: Maharashtra | E6: 400020
A7: E006 | B7: 22 MG Road | C7: Pune | D7: Maharashtra | E7: 411001
A8: E007 | B8: 5 Banjara Hills | C8: Hyderabad | D8: Telangana | E8: 500034
A9: E008 | B9: 3 SG Highway | C9: Ahmedabad | D9: Gujarat | E9: 380054
A10: E009 | B10: 14 Hazratganj | C10: Lucknow | D10: Uttar Pradesh | E10: 226001
A11: E010 | B11: 9 MI Road | C11: Jaipur | D11: Rajasthan | E11: 302001
A12: E011 | B12: 2 Sector 17 | C12: Chandigarh | D12: Chandigarh | E12: 160017
A13: E012 | B13: 18 Udyog Vihar | C13: Gurgaon | D13: Haryana | E13: 122015
... A201: E200 | B201: 7 Swaroop Nagar | C201: Kanpur | D201: Uttar Pradesh | E201: 208005

Sheet Sheet5 (2)
A1: Address | B1: Location | C1: State | D1: EmpID | E1: Pin Code
A2: 12 MG Road | B2: Connaught Place | C2: New Delhi | D2: E001 | E2: 110001
A3: 45 Park Street | B3: Kolkata | C3: West Bengal | D3: E002 | E3: 700016
A4: 7 Brigade Road | B4: Bangalore | C4: Karnataka | D4: E003 | E4: 560001
A5: 88 Anna Salai | B5: Chennai | C5: Tamil Nadu | D5: E004 | E5: 600002
A6: 101 Marine Drive | B6: Mumbai | C6: Maharashtra | D6: E005 | E6: 400020
A7: 22 MG Road | B7: Pune | C7: Maharashtra | D7: E006 | E7: 411001
A8: 5 Banjara Hills | B8: Hyderabad | C8: Telangana | D8: E007 | E8: 500034
A9: 3 SG Highway | B9: Ahmedabad | C9: Gujarat | D9: E008 | E9: 380054
A10: 14 Hazratganj | B10: Lucknow | C10: Uttar Pradesh | D10: E009 | E10: 226001
A11: 9 MI Road | B11: Jaipur | C11: Rajasthan | D11: E010 | E11: 302001
A12: 2 Sector 17 | B12: Chandigarh | C12: Chandigarh | D12: E011 | E12: 160017
A13: 18 Udyog Vihar | B13: Gurgaon | C13: Haryana | D13: E012 | E13: 122015
... A201: 7 Swaroop Nagar | B201: Kanpur | C201: Uttar Pradesh | D201: E200 | E201: 208005

Sheet Sheet6
